,(table of contents),V_1.2 - Average value of food production,,,,,,,,,,,,,,,,,,,,,,,,
,(home),(constant 2004-2006 I$ per caput),,,,,,,,,,,,,,,,,,,,,,,,
FAOST_CODE,Regions/Subregions/Countries,1990-92,1991-93,1992-94,1993-95,1994-96,1995-97,1996-98,1997-99,1998-00,1999-01,2000-02,2001-03,2002-04,2003-05,2004-06,2005-07,2006-08,2007-09,2008-10,2009-11,2010-12,2011-13,,,
5001,World,242,241,243,244,248,252,255,258,261,264,265,267,271,276,281,285,291,296,300,303,307,311,,,
5852,Developing countries,181,182,186,191,196,200,204,207,212,215,217,221,225,231,237,243,250,254,259,263,268,272,,,
5100,Africa,158,151,150,149,152,153,156,156,158,157,158,160,164,167,170,170,172,171,175,175,178,179,,,
421exclSudan,Northern Africa,175,177,174,173,184,188,197,196,199,197,196,205,215,222,228,230,236,240,244,246,247,252,,,
4,Algeria,113,118,114,112,118,119,120,116,119,119,119,128,138,148,154,149,145,150,163,178,185,196,,,
59,Egypt,178,183,187,193,202,213,219,223,228,229,231,234,242,247,255,263,273,277,271,263,260,264,,,
124,Libya,,,,,,,,,,,,,,,,,,,,,,,,,
143,Morocco,192,183,179,170,185,178,198,190,187,181,184,200,214,219,227,222,228,234,256,272,271,272,,,
276,Sudan,,,,,,,,,,,,,,,,,,,,,,,,,
222,Tunisia,302,311,271,249,270,277,309,302,316,294,263,289,309,335,328,336,342,336,336,328,338,346,,,
205,Western Sahara,29,29,28,27,27,27,26,25,25,23,22,21,20,19,17,17,16,16,15,15,15,15,,,
420,Sub-Saharan Africa,153,145,144,144,144,145,146,147,148,148,149,150,153,155,157,157,158,157,161,161,164,164,,,
5101,  Eastern Africa,139,117,113,113,113,115,115,115,115,116,118,119,121,122,124,126,126,127,131,136,138,138,,,
29,Burundi,,,,,,,,,,,,,,,,,,,,,,,,,
45,Comoros,,,,,,,,,,,,,,,,,,,,,,,,,
72,Djibouti,71,62,62,62,61,61,59,60,61,63,66,68,69,68,70,79,89,91,85,82,83,85,,,
178,Eritrea,,,,,,,,,,,,,,,,,,,,,,,,,
238,Ethiopia,,67,65,67,72,76,76,74,72,75,79,83,86,89,92,93,95,97,102,106,110,110,,,
114,Kenya,153,150,147,142,136,132,130,135,134,137,137,141,142,148,155,161,161,162,165,163,161,156,,,
129,Madagascar,190,189,184,181,176,175,171,167,161,155,148,143,142,146,150,153,152,153,154,156,156,152,,,
130,Malawi,75,76,72,78,82,89,96,104,122,137,134,128,120,117,122,133,148,158,161,167,172,181,,,
137,Mauritius,219,218,211,206,205,214,216,202,196,202,214,217,213,215,212,203,201,202,206,207,202,198,,,
270,Mayotte,,,,,,,,,,,,,,,,,,,,,,,,,
144,Mozambique,70,64,61,69,77,87,91,93,90,87,85,87,87,85,83,83,84,85,94,105,112,111,,,
182,Réunion,232,231,224,218,219,225,225,229,225,225,217,214,216,218,218,210,209,207,212,212,212,212,,,
184,Rwanda,166,168,150,130,128,136,137,134,136,135,143,145,150,148,151,155,158,168,181,194,202,208,,,
196,Seychelles,,,,,,,,,,,,,,,,,,,,,,,,,
201,Somalia,,,,,,,,,,,,,,,,,,,,,,,,,
277,South Sudan,,,,,,,,,,,,,,,,,,,,,,,,,
206,Sudan (former),160,167,173,175,185,188,195,196,200,206,212,222,223,225,222,219,214,209,202,203,,,,,
226,Uganda,179,177,173,172,164,160,158,163,167,170,172,175,175,171,166,162,159,158,158,156,152,147,,,
215,United Republic of Tanzania,139,134,129,127,126,124,123,124,124,123,130,132,139,136,144,146,147,144,150,158,169,173,,,
251,Zambia,86,88,86,86,83,81,81,79,79,80,78,80,81,83,84,84,84,92,105,119,124,124,,,
181,Zimbabwe,95,88,88,91,95,96,103,102,104,108,104,100,100,100,101,97,97,92,91,93,95,93,,,
5102,  Middle Africa,123,121,120,116,112,108,108,107,106,105,105,105,105,106,108,109,111,114,118,121,122,123,,,
7,Angola,78,78,80,80,82,80,84,85,89,93,104,112,118,123,126,131,138,156,172,188,180,187,,,
32,Cameroon,154,154,155,158,161,159,158,157,159,160,160,160,162,171,182,193,199,207,216,224,231,234,,,
37,Central African Republic,169,170,171,173,181,186,190,187,191,195,201,199,199,198,201,203,206,209,209,210,210,211,,,
39,Chad,131,127,124,121,125,127,135,137,132,128,127,131,127,129,127,125,122,119,120,116,118,118,,,
46,Congo,82,80,81,83,86,87,85,85,85,86,85,85,86,88,91,94,95,96,97,97,98,98,,,
250,Democratic Republic of the Congo,,,,,,,,,,,,,,,,,,,,,,,,,
61,Equatorial Guinea,80,76,72,71,70,69,67,66,65,65,62,61,60,61,62,63,62,63,62,61,59,59,,,
74,Gabon,204,201,193,184,180,176,177,176,175,171,169,166,163,160,156,153,151,152,155,157,158,157,,,
193,Sao Tome and Principe,115,125,136,134,137,145,160,170,174,178,181,181,176,170,166,165,161,158,153,149,144,145,,,
5104,  Southern Africa,208,203,200,197,198,196,199,196,200,203,207,205,208,209,208,208,216,224,231,228,228,228,,,
20,Botswana,159,156,146,147,145,143,131,119,114,114,116,116,117,120,120,118,120,124,133,145,150,151,,,
122,Lesotho,63,60,65,64,65,65,66,66,65,69,67,64,60,60,61,62,60,58,59,61,62,61,,,
147,Namibia,260,258,257,252,254,219,210,195,207,201,195,195,200,213,221,223,210,199,188,185,183,180,,,
202,South Africa,212,207,204,201,203,202,206,204,208,211,217,214,217,218,216,216,225,235,243,239,239,239,,,
209,Swaziland,288,278,267,251,245,236,233,232,229,226,227,231,240,244,248,246,242,238,238,238,242,245,,,
5105,  Western Africa,164,171,173,175,178,180,184,187,189,189,188,191,195,200,203,200,201,195,198,192,197,198,,,
53,Benin,141,142,142,145,150,157,163,168,171,173,176,179,184,184,176,168,172,180,187,189,193,201,,,
233,Burkina Faso,117,124,123,120,120,117,121,122,120,124,125,138,136,138,135,129,131,128,137,132,137,134,,,
35,Cabo Verde,69,70,69,69,65,67,67,74,83,89,91,91,91,91,92,95,98,101,102,95,87,79,,,
107,Côte d'Ivoire,256,253,253,258,267,274,275,271,274,272,271,266,269,269,275,273,278,272,274,275,286,292,,,
75,Gambia,77,76,73,74,68,66,65,76,85,96,86,80,78,83,83,71,70,74,87,81,76,65,,,
81,Ghana,171,191,187,192,198,206,212,217,221,223,228,235,243,245,247,243,246,254,266,274,280,287,,,
90,Guinea,159,157,157,155,155,154,153,153,152,153,156,159,164,167,168,167,168,169,169,168,169,170,,,
175,Guinea-Bissau,141,141,142,142,142,146,150,155,158,161,162,160,161,162,167,167,173,179,184,185,188,193,,,
123,Liberia,92,89,89,86,86,91,97,98,96,91,87,84,83,83,82,82,81,83,83,82,81,79,,,
133,Mali,158,156,152,154,156,155,158,164,163,164,160,170,172,181,183,194,206,223,234,232,227,220,,,
136,Mauritania,161,153,147,144,145,145,145,143,143,142,142,142,141,140,138,137,134,130,130,131,135,134,,,
158,Niger,133,130,133,127,135,129,143,144,148,147,154,164,161,161,162,171,183,177,184,171,177,166,,,
159,Nigeria,173,184,189,192,194,196,200,205,207,206,205,206,213,219,225,220,218,203,202,192,199,200,,,
187,"Saint Helena, Ascension and Tristan da Cunha",,,,,,,,,,,,,,,,,,,,,,,,,
195,Senegal,105,103,100,103,101,97,90,97,106,113,97,90,85,97,95,89,92,103,120,112,105,96,,,
197,Sierra Leone,95,94,93,93,95,97,98,92,81,76,79,96,113,124,133,132,136,140,157,174,182,187,,,
217,Togo,98,101,105,108,110,113,116,115,111,110,107,108,108,108,111,112,116,121,125,129,129,124,,,
5853,Asia,166,169,174,179,184,189,193,197,201,205,207,210,214,220,226,233,240,246,251,255,261,266,,,
5857,Caucasus and Central Asia,282,260,261,242,227,216,209,213,218,231,239,249,256,266,276,289,296,306,307,321,324,337,,,
1,Armenia,180,162,176,180,192,189,188,185,188,190,193,202,220,249,279,310,328,339,325,321,325,348,,,
52,Azerbaijan,196,160,166,147,142,140,143,149,160,173,185,195,200,208,215,223,227,236,244,251,257,266,,,
73,Georgia,175,170,174,183,195,208,207,205,194,192,186,197,201,219,199,192,164,163,152,152,150,161,,,
108,Kazakhstan,523,474,468,407,352,321,295,308,311,350,361,380,376,378,393,423,434,452,434,469,445,460,,,
113,Kyrgyzstan,252,241,239,228,227,235,247,258,268,280,283,287,287,289,286,281,280,281,285,289,290,291,,,
208,Tajikistan,136,120,125,116,107,97,86,84,87,93,101,107,116,120,122,120,121,125,130,135,141,149,,,
213,Turkmenistan,204,227,222,231,224,213,215,232,257,279,309,338,359,384,400,435,443,451,441,438,440,444,,,
235,Uzbekistan,228,218,222,219,213,206,200,201,206,209,214,220,230,241,257,268,281,291,305,321,339,358,,,
5834,Eastern Asia,169,176,185,196,207,217,227,235,245,251,259,264,273,283,293,302,312,323,332,338,346,352,,,
351,China,168,175,184,196,208,219,229,237,247,254,262,268,278,288,298,308,319,330,339,346,354,361,,,
116,Democratic People's Republic of Korea,175,179,170,152,132,117,120,126,131,136,141,147,149,150,150,144,142,141,143,143,144,145,,,
141,Mongolia,376,350,312,296,309,321,340,356,372,347,304,254,247,239,243,240,253,287,290,290,275,294,,,
117,Republic of Korea,184,188,194,196,202,210,213,215,218,221,218,213,209,208,209,210,213,217,216,210,204,204,,,
5854,Eastern Asia (excluding China),188,191,190,186,184,184,187,192,195,198,196,193,191,190,191,189,191,195,195,191,187,188,,,
5303,Southern Asia,140,142,144,146,148,149,151,153,154,155,151,152,151,155,158,165,170,172,174,178,183,185,,,
2,Afghanistan,154,144,137,135,135,138,143,146,137,122,115,116,119,119,114,115,110,114,113,114,113,112,,,
16,Bangladesh,95,94,91,90,90,91,92,96,102,105,106,105,105,108,112,118,123,127,132,135,138,138,,,
18,Bhutan,190,193,197,204,211,218,219,226,210,196,173,173,179,203,226,241,227,207,192,200,205,203,,,
100,India,138,140,142,144,146,147,148,150,151,152,147,147,145,149,151,159,165,167,169,174,181,186,,,
102,Iran (Islamic Republic of),225,236,250,256,262,266,273,277,275,275,282,295,305,316,322,332,324,325,321,327,328,329,,,
132,Maldives,39,40,43,46,46,44,42,39,38,36,34,34,38,38,38,34,33,30,28,26,24,22,,,
149,Nepal,152,154,151,156,154,156,154,155,156,159,161,162,165,167,168,167,169,173,178,184,196,203,,,
165,Pakistan,160,163,165,171,175,177,177,178,179,177,174,173,176,180,184,188,192,196,195,194,193,178,,,
38,Sri Lanka,92,92,96,100,98,95,91,93,96,96,96,96,94,96,97,99,103,105,111,111,114,118,,,
5855,Southern Asia (excluding India),145,148,150,152,154,156,158,160,162,162,162,163,166,171,174,179,181,184,185,187,188,184,,,
5304,South-Eastern Asia,179,182,186,190,193,195,193,193,196,202,208,216,222,228,233,241,250,257,262,267,273,278,,,
26,Brunei Darussalam,37,41,45,45,44,45,48,57,66,77,85,88,88,77,81,86,100,100,101,104,108,113,,,
115,Cambodia,119,116,113,120,126,134,132,136,140,144,141,146,147,164,178,197,209,218,230,249,265,279,,,
101,Indonesia,156,159,162,167,170,171,167,162,162,164,169,176,183,188,195,201,208,214,220,226,232,237,,,
120,Lao People's Democratic Republic,129,124,130,128,128,128,132,145,160,175,187,191,197,199,204,210,213,220,224,232,246,259,,,
131,Malaysia,331,344,353,361,361,365,358,362,363,377,381,395,405,421,432,439,451,456,461,466,472,481,,,
28,Myanmar,131,138,148,156,160,161,161,166,176,191,202,213,223,235,253,272,294,308,318,321,316,312,,,
171,Philippines,185,184,184,183,186,187,183,180,178,184,187,190,193,196,197,202,206,210,208,206,207,208,,,
200,Singapore,37,28,20,15,12,12,12,12,9,7,5,6,7,6,6,5,5,5,5,5,5,5,,,
216,Thailand,291,300,304,304,307,310,309,309,315,328,338,347,348,345,340,352,365,378,379,390,406,422,,,
176,Timor-Leste,129,128,125,121,113,110,106,105,102,104,108,110,109,104,102,100,103,111,118,116,115,111,,,
237,Viet Nam,148,152,157,161,166,172,178,185,191,198,207,218,228,235,242,249,257,264,271,276,286,294,,,
5856,Western Asia,264,259,258,254,257,254,261,258,263,254,255,250,251,250,253,251,245,241,242,245,249,251,,,
13,Bahrain,41,42,43,44,44,43,43,42,41,37,34,30,27,25,24,24,24,23,21,23,25,29,,,
103,Iraq,121,111,117,119,116,112,112,108,105,104,108,103,93,84,85,86,80,76,74,78,81,83,,,
112,Jordan,166,163,172,170,166,157,152,148,153,147,162,165,180,179,183,179,179,178,183,189,189,185,,,
118,Kuwait,23,19,34,48,60,67,72,74,75,78,78,79,79,78,77,75,72,75,76,85,88,91,,,
121,Lebanon,412,424,424,428,443,437,417,389,376,356,344,326,326,312,304,294,295,287,277,260,252,244,,,
221,Oman,99,101,104,107,107,108,114,126,136,138,130,120,116,126,132,133,127,126,131,130,131,121,,,
179,Qatar,66,71,73,76,80,87,83,79,74,70,69,63,62,55,49,44,39,34,31,30,28,27,,,
194,Saudi Arabia,142,139,136,130,125,127,131,133,132,132,134,133,133,133,133,131,130,128,128,127,128,126,,,
212,Syrian Arab Republic,,,,,,,,,,,,,,,,,,,,,,,,,
223,Turkey,423,418,415,410,414,411,425,422,430,413,411,405,410,417,426,430,429,431,443,456,473,488,,,
225,United Arab Emirates,131,146,156,166,177,199,212,257,306,301,262,198,187,173,152,126,106,94,88,71,58,46,,,
299,West Bank and Gaza Strip,,,,,,,,,,,,,,,,,,,,,,,,,
249,Yemen,59,58,59,57,55,55,55,57,58,60,62,63,62,63,64,66,69,72,74,75,75,74,,,
5205,Latin America and the Caribbean,314,315,319,327,336,342,345,353,359,368,372,383,392,403,412,425,437,442,448,454,461,469,,,
5206,Caribbean,226,207,191,177,179,180,180,179,184,191,195,193,191,184,179,175,175,179,182,186,187,190,,,
258,Anguilla,,,,,,,,,,,,,,,,,,,,,,,,,
8,Antigua and Barbuda,,,,,,,,,,,,,,,,,,,,,,,,,
22,Aruba,,,,,,,,,,,,,,,,,,,,,,,,,
12,Bahamas,,,,,,,,,,,,,,,,,,,,,,,,,
14,Barbados,197,184,174,174,186,194,194,190,187,184,176,171,171,178,178,180,173,173,167,165,163,165,,,
239,British Virgin Islands,44,45,45,44,43,42,42,41,40,40,39,38,38,37,36,35,34,33,31,31,31,31,,,
36,Cayman Islands,7,7,7,7,7,7,6,6,6,6,6,6,5,4,3,3,3,3,3,3,3,3,,,
49,Cuba,369,312,265,231,239,242,246,250,270,289,295,288,285,264,242,223,225,234,235,237,237,245,,,
55,Dominica,521,511,486,455,444,453,466,448,434,416,399,373,360,342,341,343,347,358,362,369,366,366,,,
56,Dominican Republic,209,212,210,206,204,205,204,201,201,209,219,223,221,221,228,238,240,244,254,264,268,269,,,
86,Grenada,,,,,,,,,,,,,,,,,,,,,,,,,
87,Guadeloupe,194,212,209,192,174,180,187,201,199,202,195,191,192,188,173,163,155,156,154,155,155,160,,,
93,Haiti,115,107,103,99,99,97,97,97,100,99,98,96,96,97,97,100,99,101,101,103,101,102,,,
109,Jamaica,210,215,220,223,230,228,224,218,213,212,207,210,209,203,198,195,195,193,190,194,198,202,,,
135,Martinique,285,274,264,253,267,296,311,315,314,311,310,300,294,271,250,211,185,173,187,205,220,237,,,
142,Montserrat,294,297,304,312,335,368,422,501,601,708,782,817,808,774,737,718,711,715,709,711,702,700,,,
151,Netherlands Antilles,6,6,6,6,6,6,6,6,7,7,7,7,7,7,7,8,8,8,8,,,,,,
177,Puerto Rico,118,116,109,104,99,95,93,89,89,86,87,84,84,83,83,82,83,85,87,90,92,94,,,
188,Saint Kitts and Nevis,231,244,238,210,206,235,249,243,210,193,188,185,198,174,125,64,42,43,42,43,45,47,,,
189,Saint Lucia,,,,,,,,,,,,,,,,,,,,,,,,,
191,Saint Vincent and the Grenadines,320,307,276,247,225,224,210,199,206,201,206,201,202,197,199,204,202,200,201,201,205,204,,,
220,Trinidad and Tobago,106,106,106,107,109,107,103,99,103,110,122,124,125,117,115,116,110,106,102,104,106,106,,,
224,Turks and Caicos Islands,,,,,,,,,,,,,,,,,,,,,,,,,
240,United States Virgin Islands,22,22,22,21,21,21,21,21,21,21,22,22,22,22,22,23,24,25,26,27,27,28,,,
348,Latin America,321,323,330,340,348,355,358,367,373,381,386,397,408,420,430,444,457,461,467,474,482,490,,,
5204,Central America,229,230,231,236,238,240,240,245,249,253,255,258,260,263,269,273,277,276,275,274,277,280,,,
23,Belize,480,517,542,548,551,577,581,578,589,608,601,586,600,618,642,617,596,559,539,509,513,520,,,
48,Costa Rica,471,479,489,498,511,515,521,528,532,531,516,510,507,521,551,572,579,567,570,580,589,595,,,
60,El Salvador,125,127,127,124,124,127,131,134,134,133,131,128,131,133,139,143,150,153,153,146,143,145,,,
89,Guatemala,180,181,184,194,204,211,214,212,211,209,214,217,220,220,226,239,252,261,261,258,262,269,,,
95,Honduras,197,194,193,193,198,198,197,180,172,166,175,186,200,211,215,217,219,216,213,210,214,216,,,
138,Mexico,236,238,238,244,244,245,245,252,256,263,264,267,269,271,276,279,281,279,278,277,279,283,,,
157,Nicaragua,133,132,134,136,138,138,141,147,161,171,179,187,193,202,205,210,212,219,225,235,240,249,,,
166,Panama,284,275,276,274,271,267,265,265,262,259,253,247,243,241,243,248,252,248,242,239,244,247,,,
5207,South America,357,360,369,380,392,401,405,416,423,433,439,453,467,483,494,513,530,536,546,556,565,575,,,
9,Argentina,692,686,693,711,736,752,775,806,827,833,820,828,840,888,921,979,997,966,961,965,983,983,,,
19,Bolivia (Plurinational State of),220,216,218,229,239,245,247,246,248,249,255,262,268,274,280,292,297,305,307,311,315,323,,,
21,Brazil,363,370,383,397,409,418,419,432,441,457,472,499,523,540,551,569,595,614,631,647,659,675,,,
40,Chile,322,331,346,363,379,385,387,385,386,394,403,411,414,424,439,445,448,442,449,460,470,477,,,
44,Colombia,242,240,239,244,247,250,249,251,253,256,256,257,262,265,271,275,281,280,274,266,266,272,,,
58,Ecuador,350,364,385,400,417,442,441,449,437,449,441,436,435,434,438,438,451,461,478,486,482,465,,,
69,French Guiana,148,152,152,156,161,160,159,147,138,137,129,123,113,106,99,90,85,79,77,76,76,74,,,
91,Guyana,263,304,340,378,413,443,436,440,425,433,424,438,444,432,415,400,403,412,422,440,447,473,,,
169,Paraguay,457,454,444,445,445,464,475,486,480,487,489,514,516,525,535,576,618,608,646,689,708,732,,,
170,Peru,141,141,144,154,164,173,178,186,193,201,205,209,212,217,225,235,248,257,268,274,283,291,,,
207,Suriname,277,275,267,258,247,240,216,206,191,192,179,172,164,170,176,185,190,198,214,230,237,240,,,
234,Uruguay,635,640,672,691,741,784,823,846,837,788,743,727,797,885,973,1000,1013,1023,1081,1128,1180,1207,,,
236,Venezuela (Bolivarian Republic of),204,204,203,200,199,202,205,209,212,217,219,213,203,201,207,219,220,217,209,214,220,231,,,
5500,Oceania,331,329,329,327,327,324,323,321,321,320,318,315,316,317,321,326,331,332,327,325,323,322,,,
5,American Samoa,37,35,35,35,36,37,43,46,49,47,50,54,56,60,62,62,63,64,68,68,68,68,,,
47,Cook Islands,271,265,245,224,207,223,257,271,267,248,230,195,153,128,121,123,125,123,120,115,113,110,,,
66,Fiji,315,301,305,309,312,303,276,270,269,277,272,261,265,266,277,273,266,248,234,231,227,228,,,
70,French Polynesia,,,,,,,,,,,,,,,,,,,,,,,,,
88,Guam,53,54,53,52,54,57,60,59,60,60,61,60,59,59,60,61,62,60,59,57,57,57,,,
83,Kiribati,190,201,200,197,202,209,221,222,218,211,206,204,217,228,253,266,279,279,277,273,272,270,,,
127,Marshall Islands,,60,62,68,75,79,66,53,33,19,16,36,48,54,52,64,82,93,96,78,63,51,,,
145,Micronesia (Federated States of),,,,,,96,100,97,95,93,95,97,99,103,106,106,105,104,105,104,105,107,,,
148,Nauru,52,52,54,54,56,58,60,60,61,60,59,57,58,60,62,61,61,62,64,64,64,64,,,
153,New Caledonia,,,,,,,,,,,,,,,,,,,,,,,,,
160,Niue,498,557,594,619,647,679,724,751,778,788,813,833,867,902,939,945,975,997,1025,1001,1009,1035,,,
163,Northern Mariana Islands,,,,,,,,,,,,,,,,,,,,,,,,,
180,Palau,,,,,,,,,,,,,,,,,,,,,,,,,
168,Papua New Guinea,,,,,,,,,,,,,,,,,,,,,,,,,
244,Samoa,237,219,213,218,230,247,257,256,253,245,244,237,247,257,267,265,262,266,272,274,278,280,,,
25,Solomon Islands,213,215,215,214,216,220,220,213,207,198,194,188,194,206,219,229,233,229,222,214,214,215,,,
218,Tokelau,266,278,274,273,281,302,316,314,311,292,282,275,309,345,382,408,436,469,488,495,495,493,,,
219,Tonga,233,266,275,277,249,246,250,249,246,243,243,242,241,238,247,279,313,338,336,327,318,313,,,
227,Tuvalu,83,87,81,71,73,77,80,82,84,83,83,83,85,87,87,87,88,91,94,93,92,91,,,
155,Vanuatu,409,380,369,366,362,379,399,393,364,331,310,298,289,289,285,283,283,279,297,307,321,319,,,
243,Wallis and Futuna Islands,326,330,334,333,337,337,341,341,346,358,366,366,359,359,357,351,349,360,376,386,395,402,,,
5851,Developed countries,467,459,457,449,451,454,458,460,462,463,461,458,464,468,470,467,473,481,485,487,484,491,,,
3,Albania,172,176,197,220,235,237,236,235,242,249,258,268,280,290,299,304,315,326,341,358,377,386,,,
6,Andorra,,,,,,,,,,,,,,,,,,,,,,,,,
10,Australia,917,941,948,963,998,1052,1096,1128,1149,1169,1107,1102,1055,1089,1020,992,960,986,985,985,1015,1054,,,
11,Austria,505,499,500,499,500,497,507,525,530,528,516,512,510,507,503,500,507,515,516,519,514,510,,,
57,Belarus,496,504,467,436,402,394,391,382,377,373,379,395,416,441,472,493,518,540,569,579,591,598,,,
255,Belgium,,,,,,,,,584,545,561,550,554,544,531,515,499,493,495,511,512,511,,,
17,Bermuda,35,34,33,32,31,30,30,30,30,30,30,30,30,29,28,29,30,32,32,33,33,33,,,
80,Bosnia and Herzegovina,184,177,174,166,156,164,174,184,168,153,146,153,174,191,210,214,224,235,240,242,232,235,,,
27,Bulgaria,470,416,392,383,380,380,366,380,382,380,364,344,343,330,340,304,330,333,375,383,394,409,,,
33,Canada,618,607,607,614,637,649,666,686,702,690,655,642,668,708,730,725,736,743,754,741,739,751,,,
98,Croatia,241,243,236,233,232,238,250,261,260,256,259,255,251,238,251,259,270,279,278,276,259,254,,,
50,Cyprus,479,476,479,491,486,487,473,466,468,458,449,435,432,411,391,363,348,333,320,313,307,300,,,
167,Czech Republic,,466,373,407,380,381,380,379,377,375,366,353,356,359,368,358,363,362,353,340,328,326,,,
54,Denmark,1055,1062,1058,1076,1065,1073,1077,1081,1081,1078,1079,1081,1084,1088,1075,1070,1073,1092,1090,1089,1086,1084,,,
63,Estonia,419,375,376,343,318,305,297,291,289,289,293,297,302,317,332,349,359,375,384,401,415,437,,,
64,Faroe Islands,39,40,41,42,42,43,42,42,41,40,40,39,38,38,37,37,37,38,38,38,38,38,,,
67,Finland,389,371,369,370,368,369,360,354,352,362,372,370,369,369,371,374,370,368,357,352,341,343,,,
68,France,687,680,674,658,671,686,696,697,692,675,667,648,653,637,630,608,598,601,605,610,609,605,,,
79,Germany,396,375,358,351,351,356,361,368,377,383,380,369,370,371,374,370,376,388,393,397,399,404,,,
82,Gibraltar,,,,,,,,,,,,,,,,,,,,,,,,,
84,Greece,696,718,712,712,715,697,677,682,697,711,698,661,649,652,668,652,634,628,617,599,583,582,,,
85,Greenland,24,24,24,23,22,22,21,20,20,20,21,21,22,22,21,22,22,22,22,22,21,21,,,
94,Holy See,,,,,,,,,,,,,,,,,,,,,,,,,
97,Hungary,645,584,522,503,511,526,542,539,530,547,549,535,548,557,579,520,537,535,536,506,480,499,,,
99,Iceland,324,317,311,306,304,300,300,306,314,319,323,325,326,323,323,329,336,339,336,332,334,333,,,
104,Ireland,1222,1240,1227,1202,1189,1184,1194,1219,1235,1214,1149,1107,1081,1064,1048,1038,1012,976,955,958,951,938,,,
105,Israel,380,362,360,361,363,360,352,347,356,363,377,377,387,387,389,386,381,379,371,367,368,368,,,
106,Italy,528,542,537,526,528,526,529,539,546,547,529,513,518,525,527,508,501,507,509,503,486,480,,,
110,Japan,166,162,163,160,160,157,153,152,149,148,147,145,144,143,143,143,143,143,141,139,138,138,,,
119,Latvia,485,434,412,351,292,284,273,267,250,242,248,256,267,282,296,316,335,356,367,365,378,385,,,
125,Liechtenstein,142,138,135,132,132,132,131,129,127,126,126,126,126,125,124,121,120,120,120,121,121,120,,,
126,Lithuania,574,501,486,424,398,416,426,412,400,374,382,393,434,463,467,488,507,543,537,536,554,585,,,
256,Luxembourg,,,,,,,,,467,399,429,407,411,405,405,395,392,387,372,352,328,320,,,
134,Malta,170,172,175,178,194,201,213,211,213,209,204,201,197,191,190,187,192,188,187,179,175,170,,,
140,Monaco,,,,,,,,,,,,,,,,,,,,,,,,,
273,Montenegro,,,,,,,,,,,,,,,285,269,275,268,264,271,268,272,,,
150,Netherlands,823,828,832,818,811,787,768,761,773,769,747,720,717,714,722,725,736,755,774,793,795,795,,,
156,New Zealand,1879,1916,1945,1972,2004,2048,2089,2077,2078,2099,2161,2209,2262,2287,2282,2265,2268,2269,2263,2261,2294,2302,,,
162,Norway,310,301,301,303,305,305,303,301,295,289,281,278,280,279,280,277,277,274,271,264,262,262,,,
173,Poland,446,430,403,398,392,402,411,407,407,405,408,416,423,429,434,433,438,446,449,450,453,461,,,
174,Portugal,400,384,365,371,385,388,382,386,391,395,386,378,386,383,387,375,376,380,393,395,392,390,,,
146,Republic of Moldova,448,540,456,445,385,375,333,305,289,291,316,336,369,377,381,348,358,355,382,383,367,362,,,
183,Romania,330,336,336,357,352,362,350,350,330,341,335,353,378,391,394,357,360,358,377,385,377,383,,,
185,Russian Federation,326,308,301,278,258,253,241,232,223,232,245,250,254,255,263,273,283,292,287,292,294,312,,,
190,Saint Pierre and Miquelon,4,3,3,3,3,3,4,4,4,4,5,5,5,4,4,4,5,5,5,5,5,5,,,
192,San Marino,,,,,,,,,,,,,,,,,,,,,,,,,
272,Serbia,,,,,,,,,,,,,,,379,371,378,390,397,404,387,398,,,
186,Serbia and Montenegro,413,384,396,392,411,421,430,410,391,370,372,379,399,405,,,,,,,,,,,
199,Slovakia,,347,330,329,322,325,328,321,298,283,279,281,288,293,296,284,286,284,275,255,242,248,,,
198,Slovenia,286,330,325,349,366,368,373,366,365,363,374,379,386,374,366,348,343,336,337,332,325,310,,,
203,Spain,622,612,600,567,586,633,682,689,697,715,725,740,731,709,679,665,666,657,658,666,641,647,,,
210,Sweden,320,310,313,319,318,324,330,328,324,320,321,318,319,316,312,302,296,294,291,287,281,278,,,
211,Switzerland,415,409,400,387,382,376,380,374,377,366,367,360,361,357,357,354,353,355,353,357,352,346,,,
154,The former Yugoslav Republic of Macedonia,331,256,292,279,294,297,301,302,306,297,277,266,277,297,310,318,334,346,358,359,357,356,,,
230,Ukraine,437,431,408,383,348,340,315,301,293,307,325,327,332,344,363,362,378,399,417,431,445,487,,,
229,United Kingdom,301,300,297,295,294,293,291,289,285,272,266,261,264,262,262,259,260,258,260,260,258,255,,,
231,United States of America,591,583,606,599,618,615,627,633,636,633,627,620,629,635,639,642,653,667,671,669,662,663,,,
5801,Least developed countries,121,114,112,112,112,113,114,115,117,119,120,122,124,126,129,132,136,139,144,147,149,149,,,
5802,Landlocked developing countries,202,170,166,161,156,154,153,155,156,159,161,165,167,170,172,176,180,183,187,192,194,196,,,
5803,Small island developing States,223,209,197,188,189,190,190,189,192,197,199,197,196,191,188,187,188,191,192,195,195.0,197.0,,,
5858,Low income economies,128,120,118,117,116,116,117,119,121,123,124,126,128,130,133,136,139,142,146,148,150.0,150.0,,,
5859,Lower-middle-income economies,162,163,165,166,168,169,170,170,171,172,171,173,175,179,184,189,195,197,200,203,208.0,212.0,,,
5816,Low-income food-deficit countries,142,141,141,142,143,143,144,146,147,148,146,147,146,150,152,157,161,162,165,167,172.0,175.0,,,
,,,,,,,,,,,,,,,,,,,,,,,,,,
